order,seed,oracle_macro_f1,top2_macro_f1,oracle_minus_top2
Current,42,0.7924717900646907,0.7776652104252657,0.014806579639425
Current,43,0.7875428961091938,0.776327178372533,0.011215717736660857
Current,44,0.7945716354340734,0.7806313223690602,0.013940313065013199
Reverse,42,0.7878479678861205,0.7739829692507793,0.013864998635341297
Reverse,43,0.7852073847596253,0.7744949506674182,0.010712434092207013
Reverse,44,0.7810242277942854,0.7721581126792196,0.008866115115065742
Fixed random,42,0.7918186350198493,0.7763328201808172,0.015485814839032108
Fixed random,43,0.7847166024820595,0.7733291351195519,0.01138746736250762
Fixed random,44,0.7889760638755651,0.7763204504433513,0.012655613432213775
