router,true_source,selected_expert,mean_rate,sample_std
centroid_cosine,cpsc,cpsc,0.5165616416222331,0.002018095976215351
centroid_cosine,cpsc,ptbxl,0.05186621425109064,0.0009694619486185184
centroid_cosine,cpsc,georgia,0.16480853126514786,0.003967694024174727
centroid_cosine,cpsc,chapman,0.2667636128615285,0.001558192076424761
centroid_cosine,ptbxl,cpsc,0.07882831071236869,0.00035139756881802776
centroid_cosine,ptbxl,ptbxl,0.7354497354497355,0.0019922369537254347
centroid_cosine,ptbxl,georgia,0.07622114868491679,0.0019154966638749822
centroid_cosine,ptbxl,chapman,0.10950080515297907,0.0016588687717800739
centroid_cosine,georgia,cpsc,0.1686027750887383,0.002015165536753271
centroid_cosine,georgia,ptbxl,0.11132623426911907,0.0009680542110358237
centroid_cosine,georgia,georgia,0.47886414972571795,0.002387649013705818
centroid_cosine,georgia,chapman,0.24120684091642466,0.001699847330244072
centroid_cosine,chapman,cpsc,0.12913206318189221,0.0025068888321675056
centroid_cosine,chapman,ptbxl,0.0118873147695815,0.0010169350266077835
centroid_cosine,chapman,georgia,0.11529066927210552,0.0012925018617804547
centroid_cosine,chapman,chapman,0.7436899527764208,0.0023086544339290106
shrinkage_lda,cpsc,cpsc,0.6955889481337857,0.00618863079728732
shrinkage_lda,cpsc,ptbxl,0.013249313297786397,0.0012198795338941271
shrinkage_lda,cpsc,georgia,0.11326547099693003,0.0018351618503151652
shrinkage_lda,cpsc,chapman,0.17789626757149782,0.004308383139755493
shrinkage_lda,ptbxl,cpsc,0.012652403956751782,0.0004600874166091557
shrinkage_lda,ptbxl,ptbxl,0.9555248830611149,0.0005789306368584109
shrinkage_lda,ptbxl,georgia,0.017483321831147914,0.001380262249827468
shrinkage_lda,ptbxl,chapman,0.014339391150985354,0.0007394870608843617
shrinkage_lda,georgia,cpsc,0.09406260083898033,0.00228742285878636
shrinkage_lda,georgia,ptbxl,0.0713133268796386,0.0019561722576608848
shrinkage_lda,georgia,georgia,0.7168441432720232,0.003961932609812436
shrinkage_lda,georgia,chapman,0.11777992900935785,0.0014787272329641315
shrinkage_lda,chapman,cpsc,0.1095912717798404,0.001570371398956677
shrinkage_lda,chapman,ptbxl,0.010910275199478911,0.000564094058807646
shrinkage_lda,chapman,georgia,0.13971665852467027,0.0004885197850512946
shrinkage_lda,chapman,chapman,0.7397817944960104,0.0005640940588076781
domain_mlp,cpsc,cpsc,0.7581192438196801,0.014123899451607764
domain_mlp,cpsc,ptbxl,0.013895621263532073,0.004657791341218152
domain_mlp,cpsc,georgia,0.08935207626433996,0.015392275717609994
domain_mlp,cpsc,chapman,0.13863305865244788,0.006837971875746908
domain_mlp,ptbxl,cpsc,0.009355110804386167,0.0021742883028537424
domain_mlp,ptbxl,ptbxl,0.9693275055593896,0.0037401267995574527
domain_mlp,ptbxl,georgia,0.014186028678782303,0.004390963362386444
domain_mlp,ptbxl,chapman,0.007131354957441914,0.0013993012492059395
domain_mlp,georgia,cpsc,0.0882542755727654,0.015232121013401578
domain_mlp,georgia,ptbxl,0.042594385285576,0.004617324305019099
domain_mlp,georgia,georgia,0.766053565666344,0.02995628596763751
domain_mlp,georgia,chapman,0.10309777347531462,0.012090993220519647
domain_mlp,chapman,cpsc,0.10454323400097704,0.002129408374958805
domain_mlp,chapman,ptbxl,0.009444715844325028,0.001715625102239495
domain_mlp,chapman,georgia,0.11838462791076372,0.010355390389568243
domain_mlp,chapman,chapman,0.7676274222439341,0.011014288599958202
